T,Uc1,Uc2,Uc_eq
0.02,2.0,3.4,2.006749514209777
0.2,2.0,3.4,2.000001103514366
