T,Uc1,Uc2,Uc_eq
0.05,,,
0.0775,,,
0.10500000000000001,,2.311111111111111,
0.1325,,2.9333333333333336,
0.16,,3.2444444444444445,
